Metric,Value,CI_Low,CI_High
ARI,0.0170476727500986,,
Cohen's d,0.0904592871665954,0.0661037117242813,0.1267489343881607
Cramer's V Broad,0.0879505141265415,0.0604673854950461,0.1200013045830087
Cramer's V Sub,0.219992288968445,0.096939323315723,0.3764190003440602
Odd_Even_Split_Rho,0.4285714285714286,,
