Metric,Value,CI_Low,CI_High
ARI,0.0041913639373499,,
Cohen's d,0.0321929417550563,0.0163033977150917,0.0527620427310466
Cramer's V Broad,0.0859611188259523,0.0718682198404851,0.1023880283092666
Cramer's V Sub,0.0952502590883586,0.0710040796007906,0.1172865210972826
Odd_Even_Split_Rho,1.0,,
